Date,Symbol,Indexvalue
03.01.2011,V2TX,23.6239
04.01.2011,V2TX,23.156
05.01.2011,V2TX,23.0796
06.01.2011,V2TX,23.3018
07.01.2011,V2TX,23.9501
10.01.2011,V2TX,25.7194
11.01.2011,V2TX,23.8595
12.01.2011,V2TX,22.2715
13.01.2011,V2TX,21.4741
14.01.2011,V2TX,20.4446
17.01.2011,V2TX,21.1731
18.01.2011,V2TX,20.1918
19.01.2011,V2TX,21.2715
20.01.2011,V2TX,21.1074
21.01.2011,V2TX,19.8027
24.01.2011,V2TX,20.3845
25.01.2011,V2TX,21.5594
26.01.2011,V2TX,21.5269
27.01.2011,V2TX,21.1087
28.01.2011,V2TX,22.1322
31.01.2011,V2TX,22.7339
01.02.2011,V2TX,22.1521
02.02.2011,V2TX,21.6554
03.02.2011,V2TX,22.0919
04.02.2011,V2TX,20.8982
07.02.2011,V2TX,20.3702
08.02.2011,V2TX,20.206
09.02.2011,V2TX,19.7493
10.02.2011,V2TX,19.7522
11.02.2011,V2TX,19.946
14.02.2011,V2TX,20.7408
15.02.2011,V2TX,20.4386
16.02.2011,V2TX,19.1885
17.02.2011,V2TX,19.9957
18.02.2011,V2TX,19.6952
21.02.2011,V2TX,22.1446
22.02.2011,V2TX,23.9321
23.02.2011,V2TX,24.9891
24.02.2011,V2TX,24.9885
25.02.2011,V2TX,23.1032
28.02.2011,V2TX,22.7141
01.03.2011,V2TX,23.82
02.03.2011,V2TX,24.5965
03.03.2011,V2TX,23.9314
04.03.2011,V2TX,23.6358
07.03.2011,V2TX,24.4135
08.03.2011,V2TX,23.4535
09.03.2011,V2TX,23.4775
10.03.2011,V2TX,24.1369
11.03.2011,V2TX,24.7086
14.03.2011,V2TX,26.7431
15.03.2011,V2TX,31.0104
16.03.2011,V2TX,35.2293
17.03.2011,V2TX,30.6133
18.03.2011,V2TX,28.5337
21.03.2011,V2TX,25.2355
22.03.2011,V2TX,24.3914
23.03.2011,V2TX,23.9226
24.03.2011,V2TX,22.1
25.03.2011,V2TX,22.0837
28.03.2011,V2TX,22.4799
29.03.2011,V2TX,22.4978
30.03.2011,V2TX,21.4727
31.03.2011,V2TX,22.08
01.04.2011,V2TX,20.4234
04.04.2011,V2TX,20.6621
05.04.2011,V2TX,20.5154
06.04.2011,V2TX,20.155
07.04.2011,V2TX,21.0214
08.04.2011,V2TX,19.9611
11.04.2011,V2TX,19.98
12.04.2011,V2TX,22.4991
13.04.2011,V2TX,21.1973
14.04.2011,V2TX,20.7375
15.04.2011,V2TX,18.8037
18.04.2011,V2TX,22.7879
19.04.2011,V2TX,20.8171
20.04.2011,V2TX,19.0849
21.04.2011,V2TX,18.9266
26.04.2011,V2TX,19.4866
27.04.2011,V2TX,19.8336
28.04.2011,V2TX,18.8269
29.04.2011,V2TX,18.4785
02.05.2011,V2TX,19.6212
03.05.2011,V2TX,20.7988
04.05.2011,V2TX,21.8564
05.05.2011,V2TX,22.5461
06.05.2011,V2TX,19.9772
09.05.2011,V2TX,22.5141
10.05.2011,V2TX,21.5022
11.05.2011,V2TX,21.0675
12.05.2011,V2TX,21.8671
13.05.2011,V2TX,22.0822
16.05.2011,V2TX,22.3774
17.05.2011,V2TX,23.103
18.05.2011,V2TX,22.356
19.05.2011,V2TX,21.0276
20.05.2011,V2TX,22.3836
23.05.2011,V2TX,24.7811
24.05.2011,V2TX,23.767
25.05.2011,V2TX,22.6511
26.05.2011,V2TX,22.7415
27.05.2011,V2TX,21.4688
30.05.2011,V2TX,21.7424
31.05.2011,V2TX,20.353
01.06.2011,V2TX,20.9271
02.06.2011,V2TX,22.8441
03.06.2011,V2TX,22.6548
06.06.2011,V2TX,23.1505
07.06.2011,V2TX,22.3739
08.06.2011,V2TX,22.6861
09.06.2011,V2TX,20.9443
10.06.2011,V2TX,22.6181
13.06.2011,V2TX,22.8375
14.06.2011,V2TX,21.3224
15.06.2011,V2TX,23.0617
16.06.2011,V2TX,24.4295
17.06.2011,V2TX,24.25
20.06.2011,V2TX,25.5434
21.06.2011,V2TX,24.7477
22.06.2011,V2TX,23.3426
23.06.2011,V2TX,27.3023
24.06.2011,V2TX,27.1728
27.06.2011,V2TX,28.2016
28.06.2011,V2TX,27.6888
29.06.2011,V2TX,24.061
30.06.2011,V2TX,21.5622
01.07.2011,V2TX,19.7294
04.07.2011,V2TX,19.7265
05.07.2011,V2TX,20.2611
06.07.2011,V2TX,20.9197
07.07.2011,V2TX,20.5946
08.07.2011,V2TX,22.4146
11.07.2011,V2TX,26.2613
12.07.2011,V2TX,28.2541
13.07.2011,V2TX,26.4656
14.07.2011,V2TX,27.271
15.07.2011,V2TX,28.1168
18.07.2011,V2TX,31.0008
19.07.2011,V2TX,28.9959
20.07.2011,V2TX,27.6237
21.07.2011,V2TX,23.8296
22.07.2011,V2TX,22.4011
25.07.2011,V2TX,24.5023
26.07.2011,V2TX,24.0382
27.07.2011,V2TX,26.0272
28.07.2011,V2TX,26.5424
29.07.2011,V2TX,27.6238
01.08.2011,V2TX,29.0047
02.08.2011,V2TX,29.346
03.08.2011,V2TX,29.7215
04.08.2011,V2TX,34.629
05.08.2011,V2TX,39.2459
08.08.2011,V2TX,45.3038
09.08.2011,V2TX,46.3979
10.08.2011,V2TX,49.4966
11.08.2011,V2TX,48.7042
12.08.2011,V2TX,44.8485
15.08.2011,V2TX,40.353
16.08.2011,V2TX,38.0487
17.08.2011,V2TX,35.0436
18.08.2011,V2TX,47.1694
19.08.2011,V2TX,47.306
22.08.2011,V2TX,46.5895
23.08.2011,V2TX,44.353
24.08.2011,V2TX,42.1282
25.08.2011,V2TX,44.3803
26.08.2011,V2TX,43.5524
29.08.2011,V2TX,39.2544
30.08.2011,V2TX,38.1572
31.08.2011,V2TX,35.6495
01.09.2011,V2TX,36.5683
02.09.2011,V2TX,40.0959
05.09.2011,V2TX,46.8414
06.09.2011,V2TX,47.8677
07.09.2011,V2TX,43.4696
08.09.2011,V2TX,41.6299
09.09.2011,V2TX,49.7943
12.09.2011,V2TX,53.5472
13.09.2011,V2TX,49.1151
14.09.2011,V2TX,46.7296
15.09.2011,V2TX,42.2886
16.09.2011,V2TX,42.963
19.09.2011,V2TX,45.6132
20.09.2011,V2TX,42.7855
21.09.2011,V2TX,44.1387
22.09.2011,V2TX,47.781
23.09.2011,V2TX,48.5408
26.09.2011,V2TX,49.2866
27.09.2011,V2TX,45.5196
28.09.2011,V2TX,46.3864
29.09.2011,V2TX,44.442
30.09.2011,V2TX,46.6796
03.10.2011,V2TX,48.6534
04.10.2011,V2TX,50.4407
05.10.2011,V2TX,45.597
06.10.2011,V2TX,42.6277
07.10.2011,V2TX,40.5639
10.10.2011,V2TX,37.9148
11.10.2011,V2TX,38.1751
12.10.2011,V2TX,35.7679
13.10.2011,V2TX,38.7483
14.10.2011,V2TX,34.9396
17.10.2011,V2TX,38.8089
18.10.2011,V2TX,39.665
19.10.2011,V2TX,39.8925
20.10.2011,V2TX,44.6144
21.10.2011,V2TX,40.7402
24.10.2011,V2TX,37.3083
25.10.2011,V2TX,37.8419
26.10.2011,V2TX,37.7721
27.10.2011,V2TX,30.3371
28.10.2011,V2TX,31.2429
31.10.2011,V2TX,35.1198
01.11.2011,V2TX,42.9562
02.11.2011,V2TX,42.1425
03.11.2011,V2TX,40.054
04.11.2011,V2TX,41.4944
07.11.2011,V2TX,42.2205
08.11.2011,V2TX,39.6689
09.11.2011,V2TX,41.7228
10.11.2011,V2TX,43.7184
11.11.2011,V2TX,39.5323
14.11.2011,V2TX,40.1517
15.11.2011,V2TX,39.6113
16.11.2011,V2TX,38.0763
17.11.2011,V2TX,39.0576
18.11.2011,V2TX,38.2997
21.11.2011,V2TX,41.2081
22.11.2011,V2TX,39.5623
23.11.2011,V2TX,40.9728
24.11.2011,V2TX,40.3246
25.11.2011,V2TX,40.8202
28.11.2011,V2TX,38.9704
29.11.2011,V2TX,38.6637
30.11.2011,V2TX,37.0829
01.12.2011,V2TX,36.5396
02.12.2011,V2TX,35.6881
05.12.2011,V2TX,35.9744
06.12.2011,V2TX,36.9213
07.12.2011,V2TX,37.2166
08.12.2011,V2TX,39.3825
09.12.2011,V2TX,34.9028
12.12.2011,V2TX,36.2503
13.12.2011,V2TX,33.6736
14.12.2011,V2TX,34.4891
15.12.2011,V2TX,31.424
16.12.2011,V2TX,31.1426
19.12.2011,V2TX,30.9926
20.12.2011,V2TX,30.3271
21.12.2011,V2TX,30.2552
22.12.2011,V2TX,28.8742
23.12.2011,V2TX,28.5177
27.12.2011,V2TX,29.749
28.12.2011,V2TX,31.8173
29.12.2011,V2TX,32.1867
30.12.2011,V2TX,32.1544
02.01.2012,V2TX,31.3029
03.01.2012,V2TX,30.017
04.01.2012,V2TX,30.4656
05.01.2012,V2TX,31.0151
06.01.2012,V2TX,30.5586
09.01.2012,V2TX,30.1779
10.01.2012,V2TX,28.3412
11.01.2012,V2TX,28.4621
12.01.2012,V2TX,28.5518
13.01.2012,V2TX,28.916
16.01.2012,V2TX,27.998
17.01.2012,V2TX,28.1469
18.01.2012,V2TX,27.76
19.01.2012,V2TX,26.5407
20.01.2012,V2TX,25.0315
23.01.2012,V2TX,25.6521
24.01.2012,V2TX,25.295
25.01.2012,V2TX,25.2399
26.01.2012,V2TX,24.2408
27.01.2012,V2TX,24.3981
30.01.2012,V2TX,26.8831
31.01.2012,V2TX,26.3081
01.02.2012,V2TX,24.6111
02.02.2012,V2TX,24.5624
03.02.2012,V2TX,23.5349
06.02.2012,V2TX,25.0326
07.02.2012,V2TX,25.325
08.02.2012,V2TX,25.7292
09.02.2012,V2TX,25.9181
10.02.2012,V2TX,27.3816
13.02.2012,V2TX,26.6034
14.02.2012,V2TX,26.0202
15.02.2012,V2TX,26.5438
16.02.2012,V2TX,26.8397
17.02.2012,V2TX,24.8255
20.02.2012,V2TX,24.5763
21.02.2012,V2TX,23.8977
22.02.2012,V2TX,24.0059
23.02.2012,V2TX,23.8446
24.02.2012,V2TX,22.5277
27.02.2012,V2TX,24.2211
28.02.2012,V2TX,23.7173
29.02.2012,V2TX,23.9289
01.03.2012,V2TX,22.8624
02.03.2012,V2TX,22.5637
05.03.2012,V2TX,23.7979
06.03.2012,V2TX,28.5625
07.03.2012,V2TX,28.2266
08.03.2012,V2TX,25.0964
09.03.2012,V2TX,22.895
12.03.2012,V2TX,23.0102
13.03.2012,V2TX,20.9307
14.03.2012,V2TX,21.1237
15.03.2012,V2TX,19.3479
16.03.2012,V2TX,18.5202
19.03.2012,V2TX,18.3551
20.03.2012,V2TX,19.9117
21.03.2012,V2TX,20.0254
22.03.2012,V2TX,21.9103
23.03.2012,V2TX,21.6583
26.03.2012,V2TX,21.3398
27.03.2012,V2TX,22.3987
28.03.2012,V2TX,23.0813
29.03.2012,V2TX,25.3609
30.03.2012,V2TX,22.5463
02.04.2012,V2TX,21.2165
03.04.2012,V2TX,22.2736
04.04.2012,V2TX,25.8591
05.04.2012,V2TX,25.5879
10.04.2012,V2TX,30.6779
11.04.2012,V2TX,29.4908
12.04.2012,V2TX,27.6118
13.04.2012,V2TX,29.4063
16.04.2012,V2TX,28.8612
17.04.2012,V2TX,26.5949
18.04.2012,V2TX,27.6847
19.04.2012,V2TX,28.2848
20.04.2012,V2TX,26.2312
23.04.2012,V2TX,29.9723
24.04.2012,V2TX,28.6556
25.04.2012,V2TX,27.4003
26.04.2012,V2TX,26.6216
27.04.2012,V2TX,25.4795
30.04.2012,V2TX,26.9511
02.05.2012,V2TX,28.0126
03.05.2012,V2TX,27.6802
04.05.2012,V2TX,29.3836
07.05.2012,V2TX,28.9223
08.05.2012,V2TX,31.3226
09.05.2012,V2TX,31.2083
10.05.2012,V2TX,29.1479
11.05.2012,V2TX,28.3851
14.05.2012,V2TX,31.6946
15.05.2012,V2TX,33.3144
16.05.2012,V2TX,33.1165
17.05.2012,V2TX,34.4776
18.05.2012,V2TX,33.1087
21.05.2012,V2TX,31.0253
22.05.2012,V2TX,30.0057
23.05.2012,V2TX,32.8618
24.05.2012,V2TX,31.4557
25.05.2012,V2TX,30.225
28.05.2012,V2TX,31.7697
29.05.2012,V2TX,31.4097
30.05.2012,V2TX,34.5137
31.05.2012,V2TX,34.9478
01.06.2012,V2TX,36.3842
04.06.2012,V2TX,36.4531
05.06.2012,V2TX,34.5733
06.06.2012,V2TX,31.5809
07.06.2012,V2TX,31.4338
08.06.2012,V2TX,30.3723
11.06.2012,V2TX,31.9884
12.06.2012,V2TX,32.3906
13.06.2012,V2TX,33.8572
14.06.2012,V2TX,33.0104
15.06.2012,V2TX,33.7295
18.06.2012,V2TX,29.4574
19.06.2012,V2TX,27.6446
20.06.2012,V2TX,26.9415
21.06.2012,V2TX,25.4639
22.06.2012,V2TX,25.1664
25.06.2012,V2TX,27.6497
26.06.2012,V2TX,28.0456
27.06.2012,V2TX,27.5359
28.06.2012,V2TX,28.0598
29.06.2012,V2TX,24.9463
02.07.2012,V2TX,24.992
03.07.2012,V2TX,23.685
04.07.2012,V2TX,24.4457
05.07.2012,V2TX,24.4531
06.07.2012,V2TX,25.5759
09.07.2012,V2TX,25.5973
10.07.2012,V2TX,24.6397
11.07.2012,V2TX,24.1292
12.07.2012,V2TX,24.0824
13.07.2012,V2TX,22.6093
16.07.2012,V2TX,22.1692
17.07.2012,V2TX,21.7236
18.07.2012,V2TX,20.3562
19.07.2012,V2TX,20.8276
20.07.2012,V2TX,24.2212
23.07.2012,V2TX,28.0807
24.07.2012,V2TX,28.4455
25.07.2012,V2TX,27.1793
26.07.2012,V2TX,25.635
27.07.2012,V2TX,25.3165
30.07.2012,V2TX,26.4643
31.07.2012,V2TX,28.0088
01.08.2012,V2TX,28.1002
02.08.2012,V2TX,26.4001
03.08.2012,V2TX,23.803
06.08.2012,V2TX,24.2352
07.08.2012,V2TX,23.869
08.08.2012,V2TX,23.678
09.08.2012,V2TX,23.3366
10.08.2012,V2TX,22.7486
13.08.2012,V2TX,23.4531
14.08.2012,V2TX,23.2459
15.08.2012,V2TX,23.5481
16.08.2012,V2TX,23.1306
17.08.2012,V2TX,21.4456
20.08.2012,V2TX,22.1476
21.08.2012,V2TX,22.1925
22.08.2012,V2TX,25.1159
23.08.2012,V2TX,24.3861
24.08.2012,V2TX,24.6392
27.08.2012,V2TX,24.3156
28.08.2012,V2TX,24.868
29.08.2012,V2TX,25.7209
30.08.2012,V2TX,27.1621
31.08.2012,V2TX,25.7034
03.09.2012,V2TX,26.652
04.09.2012,V2TX,27.755
05.09.2012,V2TX,27.6615
06.09.2012,V2TX,23.1125
07.09.2012,V2TX,21.8266
10.09.2012,V2TX,23.4869
11.09.2012,V2TX,23.9199
12.09.2012,V2TX,23.6536
13.09.2012,V2TX,23.5096
14.09.2012,V2TX,21.1062
17.09.2012,V2TX,20.9384
18.09.2012,V2TX,21.0614
19.09.2012,V2TX,20.2909
20.09.2012,V2TX,20.1276
21.09.2012,V2TX,19.2445
24.09.2012,V2TX,19.8013
25.09.2012,V2TX,19.7747
26.09.2012,V2TX,22.2323
27.09.2012,V2TX,22.4909
28.09.2012,V2TX,23.3836
01.10.2012,V2TX,22.8698
02.10.2012,V2TX,23.1473
03.10.2012,V2TX,22.1253
04.10.2012,V2TX,21.9957
05.10.2012,V2TX,20.3484
08.10.2012,V2TX,21.58
09.10.2012,V2TX,22.9493
10.10.2012,V2TX,22.67
11.10.2012,V2TX,21.5761
12.10.2012,V2TX,21.8817
15.10.2012,V2TX,21.4496
16.10.2012,V2TX,20.4001
17.10.2012,V2TX,19.8775
18.10.2012,V2TX,19.5805
19.10.2012,V2TX,20.5996
22.10.2012,V2TX,21.2613
23.10.2012,V2TX,23.3924
24.10.2012,V2TX,22.7611
25.10.2012,V2TX,22.4852
26.10.2012,V2TX,22.137
29.10.2012,V2TX,23.2166
30.10.2012,V2TX,21.8978
31.10.2012,V2TX,22.2123
01.11.2012,V2TX,21.2117
02.11.2012,V2TX,20.5608
05.11.2012,V2TX,22.216
06.11.2012,V2TX,21.7924
07.11.2012,V2TX,23.2841
08.11.2012,V2TX,23.0951
09.11.2012,V2TX,22.57
12.11.2012,V2TX,22.7101
13.11.2012,V2TX,21.8471
14.11.2012,V2TX,21.5292
15.11.2012,V2TX,21.9773
16.11.2012,V2TX,22.1719
19.11.2012,V2TX,19.6356
20.11.2012,V2TX,18.7696
21.11.2012,V2TX,17.8461
22.11.2012,V2TX,17.4423
23.11.2012,V2TX,17.7473
26.11.2012,V2TX,18.4984
27.11.2012,V2TX,17.699
28.11.2012,V2TX,17.2555
29.11.2012,V2TX,16.4854
30.11.2012,V2TX,16.5548
03.12.2012,V2TX,17.3112
04.12.2012,V2TX,17.2837
05.12.2012,V2TX,17.3906
06.12.2012,V2TX,16.9937
07.12.2012,V2TX,17.2026
10.12.2012,V2TX,17.4025
11.12.2012,V2TX,17.0262
12.12.2012,V2TX,17.0471
13.12.2012,V2TX,16.9542
14.12.2012,V2TX,16.4818
17.12.2012,V2TX,16.4617
18.12.2012,V2TX,15.8638
19.12.2012,V2TX,15.6463
20.12.2012,V2TX,15.7568
21.12.2012,V2TX,17.8926
27.12.2012,V2TX,18.2289
28.12.2012,V2TX,21.3534
02.01.2013,V2TX,18.3628
03.01.2013,V2TX,17.54
04.01.2013,V2TX,16.0708
07.01.2013,V2TX,16.818
08.01.2013,V2TX,16.8999
09.01.2013,V2TX,16.1474
10.01.2013,V2TX,16.1155
11.01.2013,V2TX,15.5715
14.01.2013,V2TX,15.7019
15.01.2013,V2TX,15.9725
16.01.2013,V2TX,16.146
17.01.2013,V2TX,15.9134
18.01.2013,V2TX,15.8831
21.01.2013,V2TX,15.4605
22.01.2013,V2TX,16.063
23.01.2013,V2TX,16.2203
24.01.2013,V2TX,15.3145
25.01.2013,V2TX,14.9093
28.01.2013,V2TX,15.1979
29.01.2013,V2TX,14.8562
30.01.2013,V2TX,15.9384
31.01.2013,V2TX,16.6395
01.02.2013,V2TX,15.9874
04.02.2013,V2TX,20.1454
05.02.2013,V2TX,19.2593
06.02.2013,V2TX,20.2113
07.02.2013,V2TX,20.7955
08.02.2013,V2TX,18.5593
11.02.2013,V2TX,18.9342
12.02.2013,V2TX,18.3682
13.02.2013,V2TX,18.2817
14.02.2013,V2TX,18.6532
15.02.2013,V2TX,18.8463
18.02.2013,V2TX,19.3248
19.02.2013,V2TX,18.4631
20.02.2013,V2TX,19.6147
21.02.2013,V2TX,21.5133
22.02.2013,V2TX,20.8556
25.02.2013,V2TX,21.3086
26.02.2013,V2TX,25.8975
27.02.2013,V2TX,22.0043
28.02.2013,V2TX,21.0046
01.03.2013,V2TX,21.7728
04.03.2013,V2TX,21.4361
05.03.2013,V2TX,19.5539
06.03.2013,V2TX,20.1143
07.03.2013,V2TX,18.7353
08.03.2013,V2TX,17.3844
11.03.2013,V2TX,17.6154
12.03.2013,V2TX,17.3243
13.03.2013,V2TX,16.9279
14.03.2013,V2TX,15.0835
15.03.2013,V2TX,15.7276
18.03.2013,V2TX,18.0979
19.03.2013,V2TX,21.5306
20.03.2013,V2TX,18.8741
21.03.2013,V2TX,19.7897
22.03.2013,V2TX,21.2876
25.03.2013,V2TX,21.2387
26.03.2013,V2TX,20.8755
27.03.2013,V2TX,21.8599
28.03.2013,V2TX,20.8944
02.04.2013,V2TX,19.6165
03.04.2013,V2TX,20.7645
04.04.2013,V2TX,21.0977
05.04.2013,V2TX,22.2855
08.04.2013,V2TX,21.4857
09.04.2013,V2TX,20.4229
10.04.2013,V2TX,19.1768
11.04.2013,V2TX,18.848
12.04.2013,V2TX,20.2145
15.04.2013,V2TX,20.1989
16.04.2013,V2TX,20.5067
17.04.2013,V2TX,22.7545
18.04.2013,V2TX,21.949
19.04.2013,V2TX,20.4999
22.04.2013,V2TX,20.638
23.04.2013,V2TX,19.2103
24.04.2013,V2TX,18.9814
25.04.2013,V2TX,19.4097
26.04.2013,V2TX,19.7111
29.04.2013,V2TX,19.9773
30.04.2013,V2TX,20.261
02.05.2013,V2TX,18.7486
03.05.2013,V2TX,17.6329
06.05.2013,V2TX,18.0551
07.05.2013,V2TX,17.4472
08.05.2013,V2TX,17.3575
09.05.2013,V2TX,17.2186
10.05.2013,V2TX,17.4277
13.05.2013,V2TX,17.6724
14.05.2013,V2TX,17.1365
15.05.2013,V2TX,16.639
16.05.2013,V2TX,16.2609
17.05.2013,V2TX,16.313
20.05.2013,V2TX,16.672
21.05.2013,V2TX,16.9073
22.05.2013,V2TX,16.2933
23.05.2013,V2TX,18.3633
24.05.2013,V2TX,18.4925
27.05.2013,V2TX,18.152
28.05.2013,V2TX,17.7473
29.05.2013,V2TX,19.6808
30.05.2013,V2TX,18.8641
31.05.2013,V2TX,19.6048
03.06.2013,V2TX,21.3772
04.06.2013,V2TX,21.0043
05.06.2013,V2TX,22.2683
06.06.2013,V2TX,22.1956
07.06.2013,V2TX,19.9529
10.06.2013,V2TX,19.5903
11.06.2013,V2TX,21.0051
12.06.2013,V2TX,21.7413
13.06.2013,V2TX,22.1068
14.06.2013,V2TX,21.2645
17.06.2013,V2TX,21.1025
18.06.2013,V2TX,20.8403
19.06.2013,V2TX,20.4065
20.06.2013,V2TX,23.6094
21.06.2013,V2TX,24.0473
24.06.2013,V2TX,25.3001
25.06.2013,V2TX,24.1377
26.06.2013,V2TX,22.5505
27.06.2013,V2TX,21.6929
28.06.2013,V2TX,21.8175
01.07.2013,V2TX,21.8282
02.07.2013,V2TX,21.5897
03.07.2013,V2TX,22.6511
04.07.2013,V2TX,21.3419
05.07.2013,V2TX,22.5944
08.07.2013,V2TX,21.5829
09.07.2013,V2TX,20.6393
10.07.2013,V2TX,20.3708
11.07.2013,V2TX,18.9757
12.07.2013,V2TX,19.072
15.07.2013,V2TX,18.9011
16.07.2013,V2TX,19.2437
17.07.2013,V2TX,18.4869
18.07.2013,V2TX,17.6938
19.07.2013,V2TX,17.2343
22.07.2013,V2TX,17.4706
23.07.2013,V2TX,17.3366
24.07.2013,V2TX,17.085
25.07.2013,V2TX,17.4835
26.07.2013,V2TX,18.1141
29.07.2013,V2TX,18.7032
30.07.2013,V2TX,18.8439
31.07.2013,V2TX,19.0644
01.08.2013,V2TX,23.3121
02.08.2013,V2TX,16.8183
05.08.2013,V2TX,17.3314
06.08.2013,V2TX,17.9242
07.08.2013,V2TX,18.2711
08.08.2013,V2TX,17.3468
09.08.2013,V2TX,17.1706
12.08.2013,V2TX,17.3567
13.08.2013,V2TX,17.0781
14.08.2013,V2TX,16.6396
15.08.2013,V2TX,17.2894
16.08.2013,V2TX,16.4082
19.08.2013,V2TX,17.4926
20.08.2013,V2TX,19.1958
21.08.2013,V2TX,20.5374
22.08.2013,V2TX,18.7137
23.08.2013,V2TX,17.8238
26.08.2013,V2TX,17.9047
27.08.2013,V2TX,22.1683
28.08.2013,V2TX,22.3124
29.08.2013,V2TX,21.1498
30.08.2013,V2TX,23.4785
02.09.2013,V2TX,21.9028
03.09.2013,V2TX,23.0533
04.09.2013,V2TX,22.0945
05.09.2013,V2TX,21.5095
06.09.2013,V2TX,20.2292
09.09.2013,V2TX,20.4702
10.09.2013,V2TX,19.3143
11.09.2013,V2TX,18.4298
12.09.2013,V2TX,18.4084
13.09.2013,V2TX,18.3842
16.09.2013,V2TX,18.7198
17.09.2013,V2TX,18.987
18.09.2013,V2TX,18.1656
19.09.2013,V2TX,16.8696
20.09.2013,V2TX,16.7626
23.09.2013,V2TX,17.4539
24.09.2013,V2TX,16.6237
25.09.2013,V2TX,16.4038
26.09.2013,V2TX,16.4689
27.09.2013,V2TX,16.9196
30.09.2013,V2TX,19.4503
01.10.2013,V2TX,18.3242
02.10.2013,V2TX,19.2611
03.10.2013,V2TX,20.0589
04.10.2013,V2TX,19.5446
07.10.2013,V2TX,20.1564
08.10.2013,V2TX,20.8905
09.10.2013,V2TX,23.3614
10.10.2013,V2TX,19.8426
11.10.2013,V2TX,18.2601
14.10.2013,V2TX,20.1581
15.10.2013,V2TX,18.6214
16.10.2013,V2TX,18.5951
17.10.2013,V2TX,16.8333
18.10.2013,V2TX,15.4232
21.10.2013,V2TX,15.998
22.10.2013,V2TX,15.6057
23.10.2013,V2TX,16.6163
24.10.2013,V2TX,15.5581
25.10.2013,V2TX,15.0179
28.10.2013,V2TX,15.8884
29.10.2013,V2TX,15.1884
30.10.2013,V2TX,16.1548
31.10.2013,V2TX,15.888
01.11.2013,V2TX,16.205
04.11.2013,V2TX,16.2488
05.11.2013,V2TX,16.7541
06.11.2013,V2TX,16.828
07.11.2013,V2TX,16.69
08.11.2013,V2TX,17.2896
11.11.2013,V2TX,17.2356
12.11.2013,V2TX,17.2688
13.11.2013,V2TX,17.1273
14.11.2013,V2TX,15.9077
15.11.2013,V2TX,15.1624
18.11.2013,V2TX,15.3971
19.11.2013,V2TX,15.6565
20.11.2013,V2TX,15.5212
21.11.2013,V2TX,15.082
22.11.2013,V2TX,14.2629
25.11.2013,V2TX,14.5254
26.11.2013,V2TX,14.5147
27.11.2013,V2TX,14.117
28.11.2013,V2TX,13.8195
29.11.2013,V2TX,14.6502
02.12.2013,V2TX,15.4364
03.12.2013,V2TX,17.098
04.12.2013,V2TX,17.8791
05.12.2013,V2TX,18.378
06.12.2013,V2TX,16.4994
09.12.2013,V2TX,16.2138
10.12.2013,V2TX,16.7351
11.12.2013,V2TX,17.3558
12.12.2013,V2TX,18.0599
13.12.2013,V2TX,18.2036
16.12.2013,V2TX,18.4886
17.12.2013,V2TX,18.179
18.12.2013,V2TX,17.2028
19.12.2013,V2TX,15.4029
20.12.2013,V2TX,16.0088
23.12.2013,V2TX,15.8067
27.12.2013,V2TX,16.4643
30.12.2013,V2TX,17.2549
02.01.2014,V2TX,18.9286
03.01.2014,V2TX,18.0018
06.01.2014,V2TX,18.1672
07.01.2014,V2TX,17.1932
08.01.2014,V2TX,17.3671
09.01.2014,V2TX,17.3584
10.01.2014,V2TX,16.5627
13.01.2014,V2TX,17.0978
14.01.2014,V2TX,16.8066
15.01.2014,V2TX,16.5089
16.01.2014,V2TX,17.0561
17.01.2014,V2TX,15.7352
20.01.2014,V2TX,16.0913
21.01.2014,V2TX,16.1749
22.01.2014,V2TX,16.4469
23.01.2014,V2TX,17.5122
24.01.2014,V2TX,20.9333
27.01.2014,V2TX,20.6842
28.01.2014,V2TX,19.9723
29.01.2014,V2TX,21.8127
30.01.2014,V2TX,21.1181
31.01.2014,V2TX,21.8188
03.02.2014,V2TX,24.0207
04.02.2014,V2TX,23.0114
05.02.2014,V2TX,22.6486
06.02.2014,V2TX,20.801
07.02.2014,V2TX,19.2347
10.02.2014,V2TX,19.3075
11.02.2014,V2TX,17.6719
12.02.2014,V2TX,17.9259
13.02.2014,V2TX,17.4978
14.02.2014,V2TX,16.3821
17.02.2014,V2TX,17.2038
18.02.2014,V2TX,17.0973
19.02.2014,V2TX,17.448
20.02.2014,V2TX,17.7721
21.02.2014,V2TX,17.3772
24.02.2014,V2TX,16.7175
25.02.2014,V2TX,16.2399
26.02.2014,V2TX,16.1415
27.02.2014,V2TX,17.1187
28.02.2014,V2TX,16.7667
03.03.2014,V2TX,21.8609
04.03.2014,V2TX,18.6455
05.03.2014,V2TX,18.7004
06.03.2014,V2TX,17.8166
07.03.2014,V2TX,20.473
10.03.2014,V2TX,20.1237
11.03.2014,V2TX,19.7688
12.03.2014,V2TX,20.212
13.03.2014,V2TX,22.0896
14.03.2014,V2TX,23.2095
17.03.2014,V2TX,21.4617
18.03.2014,V2TX,20.1089
19.03.2014,V2TX,19.293
20.03.2014,V2TX,18.1292
21.03.2014,V2TX,17.1916
24.03.2014,V2TX,19.4248
25.03.2014,V2TX,18.2637
26.03.2014,V2TX,17.5869
27.03.2014,V2TX,17.6397
28.03.2014,V2TX,17.0324
31.03.2014,V2TX,17.6639
01.04.2014,V2TX,16.9064
02.04.2014,V2TX,17.1108
03.04.2014,V2TX,16.3742
04.04.2014,V2TX,15.875
07.04.2014,V2TX,17.5437
08.04.2014,V2TX,17.6031
09.04.2014,V2TX,16.9287
10.04.2014,V2TX,17.2542
11.04.2014,V2TX,18.2955
14.04.2014,V2TX,18.4986
15.04.2014,V2TX,19.6432
16.04.2014,V2TX,17.3181
17.04.2014,V2TX,16.9939
22.04.2014,V2TX,16.8121
23.04.2014,V2TX,17.1008
24.04.2014,V2TX,16.9981
25.04.2014,V2TX,18.7678
28.04.2014,V2TX,18.4517
29.04.2014,V2TX,17.343
30.04.2014,V2TX,17.0713
02.05.2014,V2TX,17.9023
05.05.2014,V2TX,18.0644
06.05.2014,V2TX,18.5097
07.05.2014,V2TX,17.5579
08.05.2014,V2TX,16.7342
09.05.2014,V2TX,16.6668
12.05.2014,V2TX,16.2491
13.05.2014,V2TX,15.9994
14.05.2014,V2TX,15.8782
15.05.2014,V2TX,17.4465
16.05.2014,V2TX,15.7941
19.05.2014,V2TX,15.9315
20.05.2014,V2TX,15.7231
21.05.2014,V2TX,15.2901
22.05.2014,V2TX,15.2602
23.05.2014,V2TX,15.5997
26.05.2014,V2TX,15.249
27.05.2014,V2TX,15.1522
28.05.2014,V2TX,15.0184
29.05.2014,V2TX,15.5171
30.05.2014,V2TX,15.7845
02.06.2014,V2TX,16.2586
03.06.2014,V2TX,16.5208
04.06.2014,V2TX,16.5083
05.06.2014,V2TX,14.6235
06.06.2014,V2TX,13.4607
09.06.2014,V2TX,13.1403
10.06.2014,V2TX,13.0399
11.06.2014,V2TX,13.7325
12.06.2014,V2TX,13.8464
13.06.2014,V2TX,14.1513
16.06.2014,V2TX,15.3716
17.06.2014,V2TX,14.3399
18.06.2014,V2TX,13.8823
19.06.2014,V2TX,12.713
20.06.2014,V2TX,12.7797
23.06.2014,V2TX,13.5834
24.06.2014,V2TX,13.1291
25.06.2014,V2TX,14.3007
26.06.2014,V2TX,14.7994
27.06.2014,V2TX,15.2961
30.06.2014,V2TX,15.269
01.07.2014,V2TX,14.3916
02.07.2014,V2TX,13.9595
03.07.2014,V2TX,12.8852
04.07.2014,V2TX,13.0962
07.07.2014,V2TX,14.3276
08.07.2014,V2TX,15.8867
09.07.2014,V2TX,15.092
10.07.2014,V2TX,16.6584
11.07.2014,V2TX,16.3382
14.07.2014,V2TX,14.9871
15.07.2014,V2TX,15.8707
16.07.2014,V2TX,14.8111
17.07.2014,V2TX,17.6468
18.07.2014,V2TX,16.5305
21.07.2014,V2TX,17.7222
22.07.2014,V2TX,15.6723
23.07.2014,V2TX,15.5898
24.07.2014,V2TX,14.8523
25.07.2014,V2TX,16.7309
28.07.2014,V2TX,17.0697
29.07.2014,V2TX,16.7601
30.07.2014,V2TX,17.4831
31.07.2014,V2TX,19.1221
01.08.2014,V2TX,19.8142
04.08.2014,V2TX,19.094
05.08.2014,V2TX,18.4436
06.08.2014,V2TX,19.1494
07.08.2014,V2TX,20.7973
08.08.2014,V2TX,21.2386
11.08.2014,V2TX,19.4288
12.08.2014,V2TX,19.562
13.08.2014,V2TX,18.2314
14.08.2014,V2TX,17.2978
15.08.2014,V2TX,20.3569
18.08.2014,V2TX,17.0294
19.08.2014,V2TX,16.3083
20.08.2014,V2TX,16.7278
21.08.2014,V2TX,16.0345
22.08.2014,V2TX,17.2349
25.08.2014,V2TX,16.4519
26.08.2014,V2TX,15.8972
27.08.2014,V2TX,16.1061
28.08.2014,V2TX,17.2795
29.08.2014,V2TX,17.1888
01.09.2014,V2TX,17.7323
02.09.2014,V2TX,17.835
03.09.2014,V2TX,16.8103
04.09.2014,V2TX,16.161
05.09.2014,V2TX,15.4702
08.09.2014,V2TX,15.8479
09.09.2014,V2TX,15.878
10.09.2014,V2TX,16.4187
11.09.2014,V2TX,16.6097
12.09.2014,V2TX,15.9108
15.09.2014,V2TX,16.7209
16.09.2014,V2TX,17.096
17.09.2014,V2TX,16.432
18.09.2014,V2TX,16.6266
19.09.2014,V2TX,15.0596
22.09.2014,V2TX,15.8303
23.09.2014,V2TX,17.7684
24.09.2014,V2TX,15.9504
25.09.2014,V2TX,17.5658
26.09.2014,V2TX,17.6012
29.09.2014,V2TX,18.7975
30.09.2014,V2TX,17.8514
01.10.2014,V2TX,19.014
02.10.2014,V2TX,21.0788
03.10.2014,V2TX,19.695
06.10.2014,V2TX,19.7614
07.10.2014,V2TX,21.0076
08.10.2014,V2TX,20.9036
09.10.2014,V2TX,20.5162
10.10.2014,V2TX,23.1168
13.10.2014,V2TX,23.4966
14.10.2014,V2TX,23.3811
15.10.2014,V2TX,28.7576
16.10.2014,V2TX,31.5233
17.10.2014,V2TX,25.3527
20.10.2014,V2TX,25.1853
21.10.2014,V2TX,22.2422
22.10.2014,V2TX,21.6951
23.10.2014,V2TX,20.8792
24.10.2014,V2TX,21.3229
27.10.2014,V2TX,23.0205
28.10.2014,V2TX,20.4123
29.10.2014,V2TX,20.7403
30.10.2014,V2TX,20.8846
31.10.2014,V2TX,20.3172
03.11.2014,V2TX,21.364
04.11.2014,V2TX,22.8946
05.11.2014,V2TX,21.9455
06.11.2014,V2TX,20.7181
07.11.2014,V2TX,21.1162
10.11.2014,V2TX,19.1799
11.11.2014,V2TX,18.2589
12.11.2014,V2TX,20.6145
13.11.2014,V2TX,20.0406
14.11.2014,V2TX,19.5586
17.11.2014,V2TX,19.416
18.11.2014,V2TX,18.9696
19.11.2014,V2TX,19.5753
20.11.2014,V2TX,19.9065
21.11.2014,V2TX,18.9133
24.11.2014,V2TX,19.3169
25.11.2014,V2TX,19.1485
26.11.2014,V2TX,18.2837
27.11.2014,V2TX,18.156
28.11.2014,V2TX,18.0253
01.12.2014,V2TX,19.3406
02.12.2014,V2TX,19.1189
03.12.2014,V2TX,18.7911
04.12.2014,V2TX,18.1098
05.12.2014,V2TX,16.3307
08.12.2014,V2TX,16.6347
09.12.2014,V2TX,21.4418
10.12.2014,V2TX,21.7342
11.12.2014,V2TX,20.8103
12.12.2014,V2TX,26.4981
15.12.2014,V2TX,29.5265
16.12.2014,V2TX,25.6614
17.12.2014,V2TX,27.228
18.12.2014,V2TX,22.5806
19.12.2014,V2TX,23.6176
22.12.2014,V2TX,22.9656
23.12.2014,V2TX,22.0804
29.12.2014,V2TX,24.9354
30.12.2014,V2TX,26.1876
02.01.2015,V2TX,26.2531
05.01.2015,V2TX,29.6236
06.01.2015,V2TX,28.8317
07.01.2015,V2TX,28.1715
08.01.2015,V2TX,25.9087
09.01.2015,V2TX,28.7787
12.01.2015,V2TX,29.7249
13.01.2015,V2TX,28.5404
14.01.2015,V2TX,29.4845
15.01.2015,V2TX,29.026
16.01.2015,V2TX,29.3287
19.01.2015,V2TX,28.32
20.01.2015,V2TX,27.0724
21.01.2015,V2TX,26.0176
22.01.2015,V2TX,22.9441
23.01.2015,V2TX,23.1125
26.01.2015,V2TX,21.3426
27.01.2015,V2TX,22.4298
28.01.2015,V2TX,21.8259
29.01.2015,V2TX,23.3237
30.01.2015,V2TX,24.731
02.02.2015,V2TX,24.3214
03.02.2015,V2TX,22.7637
04.02.2015,V2TX,22.2736
05.02.2015,V2TX,22.2611
06.02.2015,V2TX,21.8332
09.02.2015,V2TX,25.3712
10.02.2015,V2TX,25.1067
11.02.2015,V2TX,25.721
12.02.2015,V2TX,24.3635
13.02.2015,V2TX,24.1849
16.02.2015,V2TX,25.2507
17.02.2015,V2TX,24.9047
18.02.2015,V2TX,23.3392
19.02.2015,V2TX,23.2086
20.02.2015,V2TX,24.2039
23.02.2015,V2TX,20.625
24.02.2015,V2TX,18.398
25.02.2015,V2TX,17.8235
26.02.2015,V2TX,17.3519
27.02.2015,V2TX,17.7528
02.03.2015,V2TX,17.7992
03.03.2015,V2TX,19.5843
04.03.2015,V2TX,18.9188
05.03.2015,V2TX,18.1841
06.03.2015,V2TX,18.4149
09.03.2015,V2TX,18.8112
10.03.2015,V2TX,20.4652
11.03.2015,V2TX,19.4698
12.03.2015,V2TX,18.967
13.03.2015,V2TX,18.8262
16.03.2015,V2TX,19.3889
17.03.2015,V2TX,20.2476
18.03.2015,V2TX,19.6938
19.03.2015,V2TX,18.9138
20.03.2015,V2TX,17.4772
23.03.2015,V2TX,19.8323
24.03.2015,V2TX,17.6675
25.03.2015,V2TX,19.158
26.03.2015,V2TX,19.6535
27.03.2015,V2TX,20.4715
30.03.2015,V2TX,19.7608
31.03.2015,V2TX,21.1004
01.04.2015,V2TX,20.9691
02.04.2015,V2TX,20.7203
07.04.2015,V2TX,20.0561
08.04.2015,V2TX,19.4281
09.04.2015,V2TX,18.3136
10.04.2015,V2TX,17.5116
13.04.2015,V2TX,17.8638
14.04.2015,V2TX,18.8576
15.04.2015,V2TX,18.2074
16.04.2015,V2TX,20.1086
17.04.2015,V2TX,25.0553
20.04.2015,V2TX,22.3
21.04.2015,V2TX,22.3991
22.04.2015,V2TX,22.3273
23.04.2015,V2TX,22.5723
24.04.2015,V2TX,21.92
27.04.2015,V2TX,20.8863
28.04.2015,V2TX,22.1195
29.04.2015,V2TX,24.0466
30.04.2015,V2TX,24.2128
04.05.2015,V2TX,23.4264
05.05.2015,V2TX,25.2236
06.05.2015,V2TX,24.7232
07.05.2015,V2TX,23.7527
08.05.2015,V2TX,21.1296
11.05.2015,V2TX,21.8358
12.05.2015,V2TX,23.2326
13.05.2015,V2TX,23.0546
14.05.2015,V2TX,21.7425
15.05.2015,V2TX,21.5088
18.05.2015,V2TX,21.0066
19.05.2015,V2TX,20.0541
20.05.2015,V2TX,19.5695
21.05.2015,V2TX,19.5296
22.05.2015,V2TX,19.6309
26.05.2015,V2TX,22.5012
27.05.2015,V2TX,20.8183
28.05.2015,V2TX,22.0181
29.05.2015,V2TX,23.5386
01.06.2015,V2TX,24.5648
02.06.2015,V2TX,24.5107
03.06.2015,V2TX,24.0513
04.06.2015,V2TX,24.4495
05.06.2015,V2TX,25.2745
08.06.2015,V2TX,25.604
09.06.2015,V2TX,24.9865
10.06.2015,V2TX,23.8291
11.06.2015,V2TX,23.6341
12.06.2015,V2TX,25.2594
15.06.2015,V2TX,27.8467
16.06.2015,V2TX,28.7447
17.06.2015,V2TX,28.2724
18.06.2015,V2TX,28.4283
19.06.2015,V2TX,28.6184
22.06.2015,V2TX,23.5436
23.06.2015,V2TX,23.5179
24.06.2015,V2TX,24.9348
25.06.2015,V2TX,25.6433
26.06.2015,V2TX,26.7172
29.06.2015,V2TX,30.6468
30.06.2015,V2TX,32.3071
01.07.2015,V2TX,30.285
02.07.2015,V2TX,31.6721
03.07.2015,V2TX,32.285
06.07.2015,V2TX,29.9819
07.07.2015,V2TX,30.9878
08.07.2015,V2TX,31.6348
09.07.2015,V2TX,30.7656
10.07.2015,V2TX,27.8763
13.07.2015,V2TX,23.2482
14.07.2015,V2TX,21.5485
15.07.2015,V2TX,21.0969
16.07.2015,V2TX,19.018
17.07.2015,V2TX,18.9656
20.07.2015,V2TX,18.1165
21.07.2015,V2TX,17.9144
22.07.2015,V2TX,18.16
23.07.2015,V2TX,17.4317
24.07.2015,V2TX,19.0408
27.07.2015,V2TX,21.9151
28.07.2015,V2TX,20.8092
29.07.2015,V2TX,20.0336
30.07.2015,V2TX,20.2348
31.07.2015,V2TX,19.2878
03.08.2015,V2TX,18.5935
04.08.2015,V2TX,18.2536
05.08.2015,V2TX,17.5482
06.08.2015,V2TX,18.2603
07.08.2015,V2TX,18.7066
10.08.2015,V2TX,18.3067
11.08.2015,V2TX,20.4012
12.08.2015,V2TX,24.4678
13.08.2015,V2TX,23.2434
14.08.2015,V2TX,22.8364
17.08.2015,V2TX,22.3811
18.08.2015,V2TX,22.5001
19.08.2015,V2TX,23.7117
20.08.2015,V2TX,25.4949
21.08.2015,V2TX,30.2101
24.08.2015,V2TX,40.803
25.08.2015,V2TX,33.6485
26.08.2015,V2TX,35.2896
27.08.2015,V2TX,30.5602
28.08.2015,V2TX,31.0337
31.08.2015,V2TX,31.0718
01.09.2015,V2TX,34.264
02.09.2015,V2TX,33.7021
03.09.2015,V2TX,29.8773
04.09.2015,V2TX,34.8152
07.09.2015,V2TX,35.1536
08.09.2015,V2TX,32.2298
09.09.2015,V2TX,30.4496
10.09.2015,V2TX,32.0034
11.09.2015,V2TX,31.6478
14.09.2015,V2TX,31.355
15.09.2015,V2TX,29.9496
16.09.2015,V2TX,27.9163
17.09.2015,V2TX,27.0649
18.09.2015,V2TX,28.4011
21.09.2015,V2TX,27.0169
22.09.2015,V2TX,32.1618
23.09.2015,V2TX,31.0561
24.09.2015,V2TX,33.4567
25.09.2015,V2TX,30.5182
28.09.2015,V2TX,33.0825
29.09.2015,V2TX,33.7366
30.09.2015,V2TX,32.0459
01.10.2015,V2TX,31.7174
02.10.2015,V2TX,30.9395
05.10.2015,V2TX,28.6187
06.10.2015,V2TX,26.257
07.10.2015,V2TX,26.3912
08.10.2015,V2TX,24.5243
09.10.2015,V2TX,23.4173
12.10.2015,V2TX,23.1872
13.10.2015,V2TX,24.0398
14.10.2015,V2TX,25.158
15.10.2015,V2TX,24.1188
16.10.2015,V2TX,22.7408
19.10.2015,V2TX,22.4522
20.10.2015,V2TX,21.7156
21.10.2015,V2TX,21.8297
22.10.2015,V2TX,19.9722
23.10.2015,V2TX,19.8009
26.10.2015,V2TX,20.6403
27.10.2015,V2TX,20.6863
28.10.2015,V2TX,20.7149
29.10.2015,V2TX,21.0418
30.10.2015,V2TX,20.3569
02.11.2015,V2TX,20.7672
03.11.2015,V2TX,20.0632
04.11.2015,V2TX,20.7464
05.11.2015,V2TX,20.9361
06.11.2015,V2TX,20.4363
09.11.2015,V2TX,21.984
10.11.2015,V2TX,22.3923
11.11.2015,V2TX,21.839
12.11.2015,V2TX,23.4483
13.11.2015,V2TX,24.9526
16.11.2015,V2TX,25.8488
17.11.2015,V2TX,23.6199
18.11.2015,V2TX,24.748
19.11.2015,V2TX,23.4423
20.11.2015,V2TX,22.6528
23.11.2015,V2TX,22.9841
24.11.2015,V2TX,24.8133
25.11.2015,V2TX,23.9372
26.11.2015,V2TX,22.8903
27.11.2015,V2TX,23.0669
30.11.2015,V2TX,23.6503
01.12.2015,V2TX,23.6051
02.12.2015,V2TX,22.8176
03.12.2015,V2TX,22.6526
04.12.2015,V2TX,22.6816
07.12.2015,V2TX,22.0447
08.12.2015,V2TX,23.5733
09.12.2015,V2TX,24.2947
10.12.2015,V2TX,24.5343
11.12.2015,V2TX,26.5766
14.12.2015,V2TX,30.411
15.12.2015,V2TX,27.4591
16.12.2015,V2TX,25.4362
17.12.2015,V2TX,22.5761
18.12.2015,V2TX,23.8989
21.12.2015,V2TX,23.8836
22.12.2015,V2TX,22.5361
23.12.2015,V2TX,20.2504
28.12.2015,V2TX,22.4544
29.12.2015,V2TX,21.6067
30.12.2015,V2TX,22.7102
04.01.2016,V2TX,26.998
05.01.2016,V2TX,26.2087
06.01.2016,V2TX,26.309
07.01.2016,V2TX,29.7899
08.01.2016,V2TX,30.4005
11.01.2016,V2TX,30.2182
12.01.2016,V2TX,28.5388
13.01.2016,V2TX,28.1348
14.01.2016,V2TX,29.939
15.01.2016,V2TX,34.5856
18.01.2016,V2TX,34.325
19.01.2016,V2TX,30.7571
20.01.2016,V2TX,35.1133
21.01.2016,V2TX,31.7894
22.01.2016,V2TX,28.3356
25.01.2016,V2TX,28.4443
26.01.2016,V2TX,28.1187
27.01.2016,V2TX,27.7832
28.01.2016,V2TX,29.8315
29.01.2016,V2TX,27.389
01.02.2016,V2TX,27.3303
02.02.2016,V2TX,29.1542
03.02.2016,V2TX,30.7369
04.02.2016,V2TX,29.6423
05.02.2016,V2TX,30.0529
08.02.2016,V2TX,33.3917
09.02.2016,V2TX,33.9664
10.02.2016,V2TX,33.4528
11.02.2016,V2TX,38.3051
12.02.2016,V2TX,35.6846
15.02.2016,V2TX,33.9154
16.02.2016,V2TX,33.5213
17.02.2016,V2TX,30.4983
18.02.2016,V2TX,30.9172
19.02.2016,V2TX,31.2656
22.02.2016,V2TX,29.9498
23.02.2016,V2TX,30.5366
24.02.2016,V2TX,33.1178
25.02.2016,V2TX,31.0305
26.02.2016,V2TX,29.2756
29.02.2016,V2TX,29.7298
01.03.2016,V2TX,28.5424
02.03.2016,V2TX,27.1243
03.03.2016,V2TX,26.5186
04.03.2016,V2TX,24.5116
07.03.2016,V2TX,26.2052
08.03.2016,V2TX,27.8475
09.03.2016,V2TX,28.0607
10.03.2016,V2TX,28.1781
11.03.2016,V2TX,24.1107
14.03.2016,V2TX,22.9607
15.03.2016,V2TX,23.2425
16.03.2016,V2TX,23.0994
17.03.2016,V2TX,22.7536
18.03.2016,V2TX,20.6567
21.03.2016,V2TX,21.8265
22.03.2016,V2TX,22.0365
23.03.2016,V2TX,22.0971
24.03.2016,V2TX,24.6287
29.03.2016,V2TX,24.9043
30.03.2016,V2TX,22.6443
31.03.2016,V2TX,23.4487
01.04.2016,V2TX,25.1088
04.04.2016,V2TX,24.509
05.04.2016,V2TX,26.623
06.04.2016,V2TX,25.1686
07.04.2016,V2TX,26.1571
08.04.2016,V2TX,24.8054
11.04.2016,V2TX,24.8863
12.04.2016,V2TX,24.0775
13.04.2016,V2TX,22.3118
14.04.2016,V2TX,20.6302
15.04.2016,V2TX,20.5487
18.04.2016,V2TX,21.2846
19.04.2016,V2TX,20.3617
20.04.2016,V2TX,19.8831
21.04.2016,V2TX,20.3114
22.04.2016,V2TX,20.6022
25.04.2016,V2TX,21.8388
26.04.2016,V2TX,21.2816
27.04.2016,V2TX,21.2843
28.04.2016,V2TX,20.8538
29.04.2016,V2TX,24.033
02.05.2016,V2TX,25.1167
03.05.2016,V2TX,26.4095
04.05.2016,V2TX,27.0373
05.05.2016,V2TX,25.9343
06.05.2016,V2TX,25.1235
09.05.2016,V2TX,24.956
10.05.2016,V2TX,23.891
11.05.2016,V2TX,23.8595
12.05.2016,V2TX,24.4471
13.05.2016,V2TX,23.5957
16.05.2016,V2TX,24.2125
17.05.2016,V2TX,24.474
18.05.2016,V2TX,23.2967
19.05.2016,V2TX,24.3817
20.05.2016,V2TX,22.6043
23.05.2016,V2TX,23.2929
24.05.2016,V2TX,21.7857
25.05.2016,V2TX,21.0604
26.05.2016,V2TX,20.819
27.05.2016,V2TX,20.4629
30.05.2016,V2TX,20.9441
31.05.2016,V2TX,22.1149
01.06.2016,V2TX,23.9317
02.06.2016,V2TX,23.1068
03.06.2016,V2TX,23.5541
06.06.2016,V2TX,24.0527
07.06.2016,V2TX,23.3496
08.06.2016,V2TX,24.3166
09.06.2016,V2TX,25.8413
10.06.2016,V2TX,30.2251
13.06.2016,V2TX,34.3644
14.06.2016,V2TX,38.3353
15.06.2016,V2TX,37.6871
16.06.2016,V2TX,39.8975
17.06.2016,V2TX,38.0273
20.06.2016,V2TX,34.2207
21.06.2016,V2TX,34.4684
22.06.2016,V2TX,36.0375
23.06.2016,V2TX,32.0555
24.06.2016,V2TX,35.4279
27.06.2016,V2TX,34.9988
28.06.2016,V2TX,31.0147
29.06.2016,V2TX,28.553
30.06.2016,V2TX,26.0765
01.07.2016,V2TX,25.0196
04.07.2016,V2TX,24.9798
05.07.2016,V2TX,26.7055
06.07.2016,V2TX,28.2579
07.07.2016,V2TX,26.545
08.07.2016,V2TX,24.6151
11.07.2016,V2TX,23.5704
12.07.2016,V2TX,22.3198
13.07.2016,V2TX,23.0918
14.07.2016,V2TX,21.8141
15.07.2016,V2TX,20.92
18.07.2016,V2TX,20.8355
19.07.2016,V2TX,21.0119
20.07.2016,V2TX,20.345
21.07.2016,V2TX,19.4501
22.07.2016,V2TX,19.1159
25.07.2016,V2TX,19.918
26.07.2016,V2TX,20.1355
27.07.2016,V2TX,20.5334
28.07.2016,V2TX,20.9929
29.07.2016,V2TX,20.2451
01.08.2016,V2TX,20.3298
02.08.2016,V2TX,23.1234
03.08.2016,V2TX,22.9514
04.08.2016,V2TX,21.4128
05.08.2016,V2TX,19.3019
08.08.2016,V2TX,18.9378
09.08.2016,V2TX,18.2898
10.08.2016,V2TX,19.1902
11.08.2016,V2TX,18.3588
12.08.2016,V2TX,17.8981
15.08.2016,V2TX,18.8343
16.08.2016,V2TX,20.0679
17.08.2016,V2TX,21.1903
18.08.2016,V2TX,20.3198
19.08.2016,V2TX,21.1313
22.08.2016,V2TX,21.6649
23.08.2016,V2TX,20.2231
24.08.2016,V2TX,19.8311
25.08.2016,V2TX,20.4096
26.08.2016,V2TX,19.4893
29.08.2016,V2TX,20.1851
30.08.2016,V2TX,19.3723
31.08.2016,V2TX,19.4166
01.09.2016,V2TX,20.0636
02.09.2016,V2TX,18.2963
05.09.2016,V2TX,18.411
06.09.2016,V2TX,19.0847
07.09.2016,V2TX,18.5743
08.09.2016,V2TX,17.8149
09.09.2016,V2TX,19.2991
12.09.2016,V2TX,21.8999
13.09.2016,V2TX,22.7814
14.09.2016,V2TX,22.2142
15.09.2016,V2TX,20.5507
16.09.2016,V2TX,21.3052
19.09.2016,V2TX,20.3183
20.09.2016,V2TX,20.6992
21.09.2016,V2TX,20.0923
22.09.2016,V2TX,17.2703
23.09.2016,V2TX,16.8292
26.09.2016,V2TX,20.2181
27.09.2016,V2TX,20.6567
28.09.2016,V2TX,19.6948
29.09.2016,V2TX,19.9598
30.09.2016,V2TX,19.7693
03.10.2016,V2TX,20.3951
04.10.2016,V2TX,19.2097
05.10.2016,V2TX,19.4441
06.10.2016,V2TX,19.1722
07.10.2016,V2TX,20.0387
10.10.2016,V2TX,19.2601
11.10.2016,V2TX,19.8788
12.10.2016,V2TX,20.1318
13.10.2016,V2TX,20.9273
14.10.2016,V2TX,19.4618
17.10.2016,V2TX,20.6231
18.10.2016,V2TX,19.069
19.10.2016,V2TX,18.0718
20.10.2016,V2TX,17.2172
21.10.2016,V2TX,16.599
24.10.2016,V2TX,17.7055
25.10.2016,V2TX,18.2257
26.10.2016,V2TX,18.674
27.10.2016,V2TX,18.7315
28.10.2016,V2TX,19.2694
31.10.2016,V2TX,21.4449
01.11.2016,V2TX,23.4631
02.11.2016,V2TX,23.6546
03.11.2016,V2TX,24.6804
04.11.2016,V2TX,25.2078
07.11.2016,V2TX,24.6196
08.11.2016,V2TX,24.9341
09.11.2016,V2TX,21.1011
10.11.2016,V2TX,21.0959
11.11.2016,V2TX,21.9585
14.11.2016,V2TX,22.1941
15.11.2016,V2TX,20.6381
16.11.2016,V2TX,21.1147
17.11.2016,V2TX,19.9481
18.11.2016,V2TX,20.3697
21.11.2016,V2TX,20.5539
22.11.2016,V2TX,20.2468
23.11.2016,V2TX,20.1928
24.11.2016,V2TX,20.0292
25.11.2016,V2TX,20.4086
28.11.2016,V2TX,22.533
29.11.2016,V2TX,21.7987
30.11.2016,V2TX,21.4372
01.12.2016,V2TX,22.6014
02.12.2016,V2TX,22.6159
05.12.2016,V2TX,18.9556
06.12.2016,V2TX,17.6341
07.12.2016,V2TX,17.1436
08.12.2016,V2TX,16.1593
09.12.2016,V2TX,16.6203
12.12.2016,V2TX,16.9318
13.12.2016,V2TX,16.8704
14.12.2016,V2TX,17.1147
15.12.2016,V2TX,15.8633
16.12.2016,V2TX,15.098
19.12.2016,V2TX,15.1177
20.12.2016,V2TX,14.8754
21.12.2016,V2TX,14.7373
22.12.2016,V2TX,14.8767
23.12.2016,V2TX,15.0936
27.12.2016,V2TX,16.718
28.12.2016,V2TX,17.0648
29.12.2016,V2TX,17.771
30.12.2016,V2TX,18.123
02.01.2017,V2TX,17.9578
03.01.2017,V2TX,17.3519
04.01.2017,V2TX,16.4641
05.01.2017,V2TX,15.9801
06.01.2017,V2TX,15.3421
09.01.2017,V2TX,15.5143
10.01.2017,V2TX,15.3547
11.01.2017,V2TX,15.7011
12.01.2017,V2TX,16.2935
13.01.2017,V2TX,14.8618
16.01.2017,V2TX,15.4655
17.01.2017,V2TX,15.6671
18.01.2017,V2TX,14.8506
19.01.2017,V2TX,14.8475
20.01.2017,V2TX,14.5963
23.01.2017,V2TX,17.1108
24.01.2017,V2TX,16.3083
25.01.2017,V2TX,15.6958
26.01.2017,V2TX,15.6052
27.01.2017,V2TX,15.847
30.01.2017,V2TX,17.4653
31.01.2017,V2TX,17.3682
01.02.2017,V2TX,16.6427
02.02.2017,V2TX,16.1939
03.02.2017,V2TX,15.1332
06.02.2017,V2TX,16.4328
07.02.2017,V2TX,16.9147
08.02.2017,V2TX,16.831
09.02.2017,V2TX,15.2973
10.02.2017,V2TX,15.1125
13.02.2017,V2TX,14.8043
14.02.2017,V2TX,14.6469
15.02.2017,V2TX,14.6829
16.02.2017,V2TX,15.3999
17.02.2017,V2TX,14.8315
20.02.2017,V2TX,14.8906
21.02.2017,V2TX,14.5706
22.02.2017,V2TX,14.8577
23.02.2017,V2TX,15.4578
24.02.2017,V2TX,15.8552
27.02.2017,V2TX,16.0402
28.02.2017,V2TX,16.2849
01.03.2017,V2TX,15.3905
02.03.2017,V2TX,15.2754
03.03.2017,V2TX,15.2708
06.03.2017,V2TX,15.7683
07.03.2017,V2TX,15.3718
08.03.2017,V2TX,14.9751
09.03.2017,V2TX,15.2123
10.03.2017,V2TX,15.3441
13.03.2017,V2TX,15.5803
14.03.2017,V2TX,15.9737
15.03.2017,V2TX,15.5983
16.03.2017,V2TX,11.5181
17.03.2017,V2TX,11.1647
20.03.2017,V2TX,13.0797
21.03.2017,V2TX,13.7745
22.03.2017,V2TX,14.5148
23.03.2017,V2TX,15.0982
24.03.2017,V2TX,15.1975
27.03.2017,V2TX,16.3493
28.03.2017,V2TX,15.8635
29.03.2017,V2TX,15.9304
30.03.2017,V2TX,16.1041
31.03.2017,V2TX,16.5221
03.04.2017,V2TX,17.9597
04.04.2017,V2TX,18.005
05.04.2017,V2TX,18.5205
06.04.2017,V2TX,18.8703
07.04.2017,V2TX,19.5373
10.04.2017,V2TX,22.0934
11.04.2017,V2TX,22.9518
12.04.2017,V2TX,22.7155
13.04.2017,V2TX,23.3883
18.04.2017,V2TX,25.5942
19.04.2017,V2TX,24.2021
20.04.2017,V2TX,24.8992
21.04.2017,V2TX,25.0928
24.04.2017,V2TX,16.2463
25.04.2017,V2TX,15.4196
26.04.2017,V2TX,15.584
27.04.2017,V2TX,16.107
28.04.2017,V2TX,17.0495
02.05.2017,V2TX,17.2673
03.05.2017,V2TX,17.3982
04.05.2017,V2TX,16.4843
05.05.2017,V2TX,17.0143
08.05.2017,V2TX,14.393
09.05.2017,V2TX,14.0868
10.05.2017,V2TX,14.0655
11.05.2017,V2TX,14.3491
12.05.2017,V2TX,13.8689
15.05.2017,V2TX,14.2041
16.05.2017,V2TX,13.5401
17.05.2017,V2TX,16.1438
18.05.2017,V2TX,17.0825
19.05.2017,V2TX,15.4679
22.05.2017,V2TX,14.8259
23.05.2017,V2TX,13.8428
24.05.2017,V2TX,13.8757
25.05.2017,V2TX,13.9599
26.05.2017,V2TX,13.8547
29.05.2017,V2TX,14.1781
30.05.2017,V2TX,14.4715
31.05.2017,V2TX,14.5538
01.06.2017,V2TX,13.6227
02.06.2017,V2TX,13.3345
05.06.2017,V2TX,13.9431
06.06.2017,V2TX,14.3862
07.06.2017,V2TX,14.6073
08.06.2017,V2TX,14.0799
09.06.2017,V2TX,13.3926
12.06.2017,V2TX,14.5102
13.06.2017,V2TX,13.5587
14.06.2017,V2TX,13.9464
15.06.2017,V2TX,14.9445
16.06.2017,V2TX,13.7442
19.06.2017,V2TX,13.0325
20.06.2017,V2TX,14.0291
21.06.2017,V2TX,14.1788
22.06.2017,V2TX,14.0328
23.06.2017,V2TX,14.2214
26.06.2017,V2TX,13.6567
27.06.2017,V2TX,14.7743
28.06.2017,V2TX,14.8525
29.06.2017,V2TX,17.6032
30.06.2017,V2TX,17.2533
03.07.2017,V2TX,14.4888
04.07.2017,V2TX,14.3929
05.07.2017,V2TX,14.7011
06.07.2017,V2TX,15.4722
07.07.2017,V2TX,15.1824
10.07.2017,V2TX,14.783
11.07.2017,V2TX,14.7732
12.07.2017,V2TX,13.7485
13.07.2017,V2TX,13.1228
14.07.2017,V2TX,12.6504
17.07.2017,V2TX,12.6334
18.07.2017,V2TX,13.6841
19.07.2017,V2TX,13.2685
20.07.2017,V2TX,13.0879
21.07.2017,V2TX,15.3262
24.07.2017,V2TX,15.0827
25.07.2017,V2TX,13.6357
26.07.2017,V2TX,12.9971
27.07.2017,V2TX,12.7697
28.07.2017,V2TX,13.7331
31.07.2017,V2TX,13.9033
01.08.2017,V2TX,13.4724
02.08.2017,V2TX,13.7531
03.08.2017,V2TX,13.7302
04.08.2017,V2TX,13.0654
07.08.2017,V2TX,13.1992
08.08.2017,V2TX,12.7883
09.08.2017,V2TX,15.0152
10.08.2017,V2TX,18.9131
11.08.2017,V2TX,19.3101
14.08.2017,V2TX,15.6664
15.08.2017,V2TX,14.8801
16.08.2017,V2TX,14.2468
17.08.2017,V2TX,15.3859
18.08.2017,V2TX,17.5746
21.08.2017,V2TX,18.5553
22.08.2017,V2TX,16.412
23.08.2017,V2TX,16.2275
24.08.2017,V2TX,15.6665
25.08.2017,V2TX,15.3262
28.08.2017,V2TX,15.8508
29.08.2017,V2TX,17.3169
30.08.2017,V2TX,16.468
31.08.2017,V2TX,15.6317
01.09.2017,V2TX,14.7167
04.09.2017,V2TX,16.2117
05.09.2017,V2TX,16.4848
06.09.2017,V2TX,16.3786
07.09.2017,V2TX,15.1482
08.09.2017,V2TX,15.199
11.09.2017,V2TX,13.96
12.09.2017,V2TX,13.4464
13.09.2017,V2TX,13.0423
14.09.2017,V2TX,12.2739
15.09.2017,V2TX,12.1972
18.09.2017,V2TX,11.943
19.09.2017,V2TX,11.7216
20.09.2017,V2TX,11.7949
21.09.2017,V2TX,11.1906
22.09.2017,V2TX,11.708
25.09.2017,V2TX,12.3663
26.09.2017,V2TX,12.5406
27.09.2017,V2TX,12.1282
28.09.2017,V2TX,12.1259
29.09.2017,V2TX,12.1208
02.10.2017,V2TX,12.1739
03.10.2017,V2TX,11.8365
04.10.2017,V2TX,12.7752
05.10.2017,V2TX,12.087
06.10.2017,V2TX,12.5055
09.10.2017,V2TX,12.6102
10.10.2017,V2TX,13.3944
11.10.2017,V2TX,12.6695
12.10.2017,V2TX,12.3247
13.10.2017,V2TX,11.8458
16.10.2017,V2TX,11.9037
17.10.2017,V2TX,11.6299
18.10.2017,V2TX,11.0514
19.10.2017,V2TX,12.4435
20.10.2017,V2TX,12.2167
23.10.2017,V2TX,12.5904
24.10.2017,V2TX,12.9424
25.10.2017,V2TX,14.5349
26.10.2017,V2TX,12.9159
27.10.2017,V2TX,12.4951
30.10.2017,V2TX,12.8308
31.10.2017,V2TX,11.9864
01.11.2017,V2TX,11.7924
02.11.2017,V2TX,12.0219
03.11.2017,V2TX,11.5635
06.11.2017,V2TX,11.6934
07.11.2017,V2TX,12.1337
08.11.2017,V2TX,12.4069
09.11.2017,V2TX,13.9158
10.11.2017,V2TX,14.453
13.11.2017,V2TX,14.3816
14.11.2017,V2TX,15.2348
15.11.2017,V2TX,15.5778
16.11.2017,V2TX,15.0291
17.11.2017,V2TX,14.7428
20.11.2017,V2TX,13.7039
21.11.2017,V2TX,12.9355
22.11.2017,V2TX,12.8717
23.11.2017,V2TX,12.7296
24.11.2017,V2TX,12.8582
27.11.2017,V2TX,13.5459
28.11.2017,V2TX,12.8773
29.11.2017,V2TX,13.5436
30.11.2017,V2TX,13.4708
01.12.2017,V2TX,16.0124
04.12.2017,V2TX,13.7242
05.12.2017,V2TX,13.1587
06.12.2017,V2TX,13.9107
07.12.2017,V2TX,13.4513
08.12.2017,V2TX,12.8484
11.12.2017,V2TX,12.9236
12.12.2017,V2TX,12.4734
13.12.2017,V2TX,12.7344
14.12.2017,V2TX,12.2635
15.12.2017,V2TX,11.792
18.12.2017,V2TX,10.6783
19.12.2017,V2TX,11.197
20.12.2017,V2TX,12.5108
21.12.2017,V2TX,11.7371
22.12.2017,V2TX,12.0057
27.12.2017,V2TX,12.7143
28.12.2017,V2TX,13.6229
29.12.2017,V2TX,13.5114
02.01.2018,V2TX,13.3676
03.01.2018,V2TX,12.1367
04.01.2018,V2TX,11.4105
05.01.2018,V2TX,11.1245
08.01.2018,V2TX,11.4954
09.01.2018,V2TX,11.262
10.01.2018,V2TX,11.759
11.01.2018,V2TX,11.3595
12.01.2018,V2TX,10.9024
15.01.2018,V2TX,11.0727
16.01.2018,V2TX,11.3466
17.01.2018,V2TX,11.9473
18.01.2018,V2TX,11.9883
19.01.2018,V2TX,11.8533
22.01.2018,V2TX,11.9678
23.01.2018,V2TX,11.9508
24.01.2018,V2TX,12.3924
25.01.2018,V2TX,12.691
26.01.2018,V2TX,12.4779
29.01.2018,V2TX,13.2927
30.01.2018,V2TX,14.811
31.01.2018,V2TX,15.1644
01.02.2018,V2TX,16.1394
02.02.2018,V2TX,17.5594
05.02.2018,V2TX,18.855
06.02.2018,V2TX,30.1771
07.02.2018,V2TX,21.3656
08.02.2018,V2TX,32.0402
09.02.2018,V2TX,34.737
12.02.2018,V2TX,28.1626
13.02.2018,V2TX,25.9501
14.02.2018,V2TX,20.7053
15.02.2018,V2TX,20.5158
16.02.2018,V2TX,17.7606
19.02.2018,V2TX,19.1283
20.02.2018,V2TX,18.6401
21.02.2018,V2TX,18.6489
22.02.2018,V2TX,18.6903
23.02.2018,V2TX,18.1752
26.02.2018,V2TX,16.7709
27.02.2018,V2TX,17.5944
28.02.2018,V2TX,18.0002
01.03.2018,V2TX,20.5673
02.03.2018,V2TX,23.386
05.03.2018,V2TX,18.8922
06.03.2018,V2TX,18.6852
07.03.2018,V2TX,18.1546
08.03.2018,V2TX,16.6065
09.03.2018,V2TX,15.4054
12.03.2018,V2TX,15.4002
13.03.2018,V2TX,16.6195
14.03.2018,V2TX,16.9106
15.03.2018,V2TX,15.2246
16.03.2018,V2TX,13.389
19.03.2018,V2TX,16.4988
20.03.2018,V2TX,15.3836
21.03.2018,V2TX,14.8531
22.03.2018,V2TX,18.551
23.03.2018,V2TX,21.0758
26.03.2018,V2TX,22.0543
27.03.2018,V2TX,18.9761
28.03.2018,V2TX,19.6857
29.03.2018,V2TX,17.4364
03.04.2018,V2TX,18.8146
04.04.2018,V2TX,19.5763
05.04.2018,V2TX,16.9025
06.04.2018,V2TX,17.4368
09.04.2018,V2TX,17.353
10.04.2018,V2TX,16.3164
11.04.2018,V2TX,16.9837
12.04.2018,V2TX,15.8108
13.04.2018,V2TX,15.2974
16.04.2018,V2TX,14.5036
17.04.2018,V2TX,13.288
18.04.2018,V2TX,13.0383
19.04.2018,V2TX,13.7415
20.04.2018,V2TX,13.756
23.04.2018,V2TX,13.328
24.04.2018,V2TX,13.4086
25.04.2018,V2TX,14.6576
26.04.2018,V2TX,13.6785
27.04.2018,V2TX,13.1315
30.04.2018,V2TX,13.7154
02.05.2018,V2TX,13.5282
03.05.2018,V2TX,14.4576
04.05.2018,V2TX,13.4198
07.05.2018,V2TX,13.3159
08.05.2018,V2TX,13.7161
09.05.2018,V2TX,13.3529
10.05.2018,V2TX,12.8229
11.05.2018,V2TX,12.4351
14.05.2018,V2TX,12.6448
15.05.2018,V2TX,12.6765
16.05.2018,V2TX,13.5725
17.05.2018,V2TX,13.0848
18.05.2018,V2TX,13.9673
21.05.2018,V2TX,13.7761
22.05.2018,V2TX,12.9845
23.05.2018,V2TX,15.0616
24.05.2018,V2TX,15.6902
25.05.2018,V2TX,16.0228
28.05.2018,V2TX,17.7786
29.05.2018,V2TX,20.1545
30.05.2018,V2TX,18.3411
31.05.2018,V2TX,17.6547
01.06.2018,V2TX,15.6231
04.06.2018,V2TX,14.3641
05.06.2018,V2TX,14.7988
06.06.2018,V2TX,14.7989
07.06.2018,V2TX,14.4204
08.06.2018,V2TX,14.9616
11.06.2018,V2TX,13.9917
12.06.2018,V2TX,13.6885
13.06.2018,V2TX,13.198
14.06.2018,V2TX,11.4418
15.06.2018,V2TX,12.1297
18.06.2018,V2TX,13.763
19.06.2018,V2TX,14.8685
20.06.2018,V2TX,13.9834
21.06.2018,V2TX,16.0901
22.06.2018,V2TX,14.2065
25.06.2018,V2TX,17.8727
26.06.2018,V2TX,17.2411
27.06.2018,V2TX,17.1802
28.06.2018,V2TX,18.4191
29.06.2018,V2TX,16.6333
02.07.2018,V2TX,17.9959
03.07.2018,V2TX,16.3909
04.07.2018,V2TX,16.2213
05.07.2018,V2TX,15.731
06.07.2018,V2TX,14.7428
09.07.2018,V2TX,14.0711
10.07.2018,V2TX,12.9935
11.07.2018,V2TX,14.5961
12.07.2018,V2TX,13.4596
13.07.2018,V2TX,12.8035
16.07.2018,V2TX,13.0323
17.07.2018,V2TX,12.556
18.07.2018,V2TX,11.9617
19.07.2018,V2TX,12.8476
20.07.2018,V2TX,13.7747
23.07.2018,V2TX,14.1892
24.07.2018,V2TX,12.7259
25.07.2018,V2TX,13.5029
26.07.2018,V2TX,12.1361
27.07.2018,V2TX,11.6594
30.07.2018,V2TX,12.7107
31.07.2018,V2TX,12.5596
01.08.2018,V2TX,13.028
02.08.2018,V2TX,14.5051
03.08.2018,V2TX,13.3973
06.08.2018,V2TX,13.47
07.08.2018,V2TX,12.6265
08.08.2018,V2TX,12.8654
09.08.2018,V2TX,12.4882
10.08.2018,V2TX,15.1113
13.08.2018,V2TX,15.9406
14.08.2018,V2TX,15.861
15.08.2018,V2TX,18.4755
16.08.2018,V2TX,16.2633
17.08.2018,V2TX,16.0982
20.08.2018,V2TX,14.5019
21.08.2018,V2TX,13.8748
22.08.2018,V2TX,13.8512
23.08.2018,V2TX,13.6438
24.08.2018,V2TX,13.1882
27.08.2018,V2TX,13.1149
28.08.2018,V2TX,13.1602
29.08.2018,V2TX,12.9914
30.08.2018,V2TX,14.1532
31.08.2018,V2TX,15.6343
03.09.2018,V2TX,15.4945
04.09.2018,V2TX,16.3854
05.09.2018,V2TX,17.2886
06.09.2018,V2TX,17.1012
07.09.2018,V2TX,16.4546
10.09.2018,V2TX,15.8948
11.09.2018,V2TX,15.7862
12.09.2018,V2TX,15.3235
13.09.2018,V2TX,14.5934
14.09.2018,V2TX,13.8963
17.09.2018,V2TX,14.5708
18.09.2018,V2TX,14.356
19.09.2018,V2TX,13.5296
20.09.2018,V2TX,13.1843
21.09.2018,V2TX,12.8151
24.09.2018,V2TX,13.7328
25.09.2018,V2TX,13.1636
26.09.2018,V2TX,12.8518
27.09.2018,V2TX,13.171
28.09.2018,V2TX,14.7637
01.10.2018,V2TX,14.2333
02.10.2018,V2TX,15.4784
03.10.2018,V2TX,14.6064
04.10.2018,V2TX,16.0249
05.10.2018,V2TX,16.6807
08.10.2018,V2TX,17.6264
09.10.2018,V2TX,16.9002
10.10.2018,V2TX,18.4029
11.10.2018,V2TX,21.2373
12.10.2018,V2TX,20.2103
15.10.2018,V2TX,19.0703
16.10.2018,V2TX,16.8341
17.10.2018,V2TX,17.0163
18.10.2018,V2TX,18.1712
19.10.2018,V2TX,18.7838
22.10.2018,V2TX,19.3581
23.10.2018,V2TX,21.3624
24.10.2018,V2TX,21.9772
25.10.2018,V2TX,20.7552
26.10.2018,V2TX,23.7391
29.10.2018,V2TX,22.2872
30.10.2018,V2TX,22.2249
31.10.2018,V2TX,20.3038
01.11.2018,V2TX,18.995
02.11.2018,V2TX,18.848
05.11.2018,V2TX,18.3296
06.11.2018,V2TX,18.1091
07.11.2018,V2TX,16.4264
08.11.2018,V2TX,15.881
09.11.2018,V2TX,16.3773
12.11.2018,V2TX,17.8587
13.11.2018,V2TX,17.029
14.11.2018,V2TX,18.4549
15.11.2018,V2TX,20.1522
16.11.2018,V2TX,18.0762
19.11.2018,V2TX,18.032
20.11.2018,V2TX,19.9622
21.11.2018,V2TX,18.2397
22.11.2018,V2TX,19.2881
23.11.2018,V2TX,18.9738
26.11.2018,V2TX,18.4228
27.11.2018,V2TX,18.479
28.11.2018,V2TX,18.5952
29.11.2018,V2TX,18.61
30.11.2018,V2TX,18.4935
03.12.2018,V2TX,16.9152
04.12.2018,V2TX,17.2085
05.12.2018,V2TX,19.0904
06.12.2018,V2TX,24.6155
07.12.2018,V2TX,21.6688
10.12.2018,V2TX,23.6592
11.12.2018,V2TX,21.0925
12.12.2018,V2TX,19.7254
13.12.2018,V2TX,19.1773
14.12.2018,V2TX,19.1643
17.12.2018,V2TX,19.8187
18.12.2018,V2TX,20.0366
19.12.2018,V2TX,19.6024
20.12.2018,V2TX,20.733
21.12.2018,V2TX,20.3984
27.12.2018,V2TX,25.6882
28.12.2018,V2TX,23.8643
02.01.2019,V2TX,23.3924
03.01.2019,V2TX,22.9978
04.01.2019,V2TX,20.4827
07.01.2019,V2TX,20.151
08.01.2019,V2TX,19.4803
09.01.2019,V2TX,18.997
10.01.2019,V2TX,18.6879
11.01.2019,V2TX,17.4182
14.01.2019,V2TX,17.8987
15.01.2019,V2TX,16.9334
16.01.2019,V2TX,15.7177
17.01.2019,V2TX,15.4064
18.01.2019,V2TX,14.28
21.01.2019,V2TX,15.385
22.01.2019,V2TX,15.9971
23.01.2019,V2TX,16.4792
24.01.2019,V2TX,15.5603
25.01.2019,V2TX,14.7823
28.01.2019,V2TX,16.1551
29.01.2019,V2TX,16.0456
30.01.2019,V2TX,16.0154
31.01.2019,V2TX,15.1126
01.02.2019,V2TX,13.9879
04.02.2019,V2TX,14.2075
05.02.2019,V2TX,13.5808
06.02.2019,V2TX,13.616
07.02.2019,V2TX,16.1706
08.02.2019,V2TX,16.3132
11.02.2019,V2TX,15.2186
12.02.2019,V2TX,14.2814
13.02.2019,V2TX,13.9695
14.02.2019,V2TX,15.757
15.02.2019,V2TX,14.2944
18.02.2019,V2TX,14.5378
19.02.2019,V2TX,14.6143
20.02.2019,V2TX,14.2742
21.02.2019,V2TX,14.3444
22.02.2019,V2TX,13.9767
25.02.2019,V2TX,13.8464
26.02.2019,V2TX,13.8942
27.02.2019,V2TX,14.3497
28.02.2019,V2TX,13.5876
01.03.2019,V2TX,13.3709
04.03.2019,V2TX,13.6499
05.03.2019,V2TX,13.5075
06.03.2019,V2TX,13.4409
07.03.2019,V2TX,13.8671
08.03.2019,V2TX,14.411
11.03.2019,V2TX,14.1546
12.03.2019,V2TX,13.8356
13.03.2019,V2TX,13.9503
14.03.2019,V2TX,13.6478
15.03.2019,V2TX,12.9242
18.03.2019,V2TX,13.2122
19.03.2019,V2TX,13.0007
20.03.2019,V2TX,14.4778
21.03.2019,V2TX,15.6876
22.03.2019,V2TX,17.6785
25.03.2019,V2TX,17.3356
26.03.2019,V2TX,15.8457
27.03.2019,V2TX,16.3337
28.03.2019,V2TX,16.6715
29.03.2019,V2TX,15.2748
01.04.2019,V2TX,14.7903
02.04.2019,V2TX,14.7848
03.04.2019,V2TX,14.1923
04.04.2019,V2TX,14.2468
05.04.2019,V2TX,13.552
08.04.2019,V2TX,14.603
09.04.2019,V2TX,14.5187
10.04.2019,V2TX,14.281
11.04.2019,V2TX,12.595
12.04.2019,V2TX,11.877
15.04.2019,V2TX,11.4864
16.04.2019,V2TX,11.3012
17.04.2019,V2TX,11.2672
18.04.2019,V2TX,11.0066
23.04.2019,V2TX,12.204
24.04.2019,V2TX,12.5447
25.04.2019,V2TX,12.9572
26.04.2019,V2TX,12.6034
29.04.2019,V2TX,13.0278
30.04.2019,V2TX,13.2624
02.05.2019,V2TX,14.3357
03.05.2019,V2TX,13.3808
06.05.2019,V2TX,15.7375
07.05.2019,V2TX,18.0429
08.05.2019,V2TX,17.6428
09.05.2019,V2TX,20.0378
10.05.2019,V2TX,18.5073
13.05.2019,V2TX,19.4264
14.05.2019,V2TX,17.5609
15.05.2019,V2TX,16.7467
16.05.2019,V2TX,15.0605
17.05.2019,V2TX,14.9769
20.05.2019,V2TX,17.3812
21.05.2019,V2TX,15.8302
22.05.2019,V2TX,15.4494
23.05.2019,V2TX,17.637
24.05.2019,V2TX,16.7146
27.05.2019,V2TX,16.2373
28.05.2019,V2TX,16.1658
29.05.2019,V2TX,17.7806
30.05.2019,V2TX,16.7607
31.05.2019,V2TX,17.4218
03.06.2019,V2TX,17.2417
04.06.2019,V2TX,16.42
05.06.2019,V2TX,16.1034
06.06.2019,V2TX,15.6299
07.06.2019,V2TX,14.9085
10.06.2019,V2TX,14.8913
11.06.2019,V2TX,14.796
12.06.2019,V2TX,14.945
13.06.2019,V2TX,14.3656
14.06.2019,V2TX,14.3629
17.06.2019,V2TX,14.0293
18.06.2019,V2TX,13.2695
19.06.2019,V2TX,13.6604
20.06.2019,V2TX,13.3474
21.06.2019,V2TX,13.3894
24.06.2019,V2TX,13.9669
25.06.2019,V2TX,13.9815
26.06.2019,V2TX,14.0634
27.06.2019,V2TX,14.1174
28.06.2019,V2TX,13.7342
01.07.2019,V2TX,12.383
02.07.2019,V2TX,11.8371
03.07.2019,V2TX,11.7045
04.07.2019,V2TX,11.7651
05.07.2019,V2TX,12.4185
08.07.2019,V2TX,12.616
09.07.2019,V2TX,12.7504
10.07.2019,V2TX,12.8191
11.07.2019,V2TX,12.4747
12.07.2019,V2TX,12.3888
15.07.2019,V2TX,12.6064
16.07.2019,V2TX,12.1592
17.07.2019,V2TX,12.6034
18.07.2019,V2TX,13.332
19.07.2019,V2TX,13.6973
22.07.2019,V2TX,13.5495
23.07.2019,V2TX,12.7137
24.07.2019,V2TX,13.1227
25.07.2019,V2TX,13.2666
26.07.2019,V2TX,12.669
29.07.2019,V2TX,12.6386
30.07.2019,V2TX,14.4662
31.07.2019,V2TX,14.3909
01.08.2019,V2TX,13.7348
02.08.2019,V2TX,18.3481
05.08.2019,V2TX,21.0618
06.08.2019,V2TX,21.3783
07.08.2019,V2TX,21.039
08.08.2019,V2TX,18.0037
09.08.2019,V2TX,18.9533
12.08.2019,V2TX,19.2544
13.08.2019,V2TX,18.6224
14.08.2019,V2TX,22.0616
15.08.2019,V2TX,22.5419
16.08.2019,V2TX,20.3841
19.08.2019,V2TX,18.2556
20.08.2019,V2TX,18.4289
21.08.2019,V2TX,16.7721
22.08.2019,V2TX,18.2332
23.08.2019,V2TX,20.1473
26.08.2019,V2TX,20.2502
27.08.2019,V2TX,19.4399
28.08.2019,V2TX,19.3267
29.08.2019,V2TX,17.601
30.08.2019,V2TX,17.6681
